text,label
"스타벅스 아이스 아메리카노 기프티콘 쿠폰 번호: 1234-5678-9012 유효기간: 2026.12.31까지 사용 가능합니다. 사용처: 전국 스타벅스 매장",SCHEDULE
"넷플릭스 프리미엄 멤버십 정기 결제 안내. 다음 결제 예정일: 2026-08-15. 결제 금액: 17,000원. 등록된 카드로 자동 결제됩니다.",SCHEDULE
"배달의민족 할인 쿠폰 만료 임박! 5,000원 할인 쿠폰 유효기간이 2026/09/01에 만료되니 서둘러 사용하세요.",SCHEDULE
"[카카오톡 선물하기] 교촌치킨 허니콤보 웨지감자 세트 기프티콘. 유효기간: 2026년 10월 5일까지. 바코드를 매장에서 제시하세요.",SCHEDULE
"유튜브 프리미엄 구독 만료 예정일은 2026-07-20입니다. 해지를 원하시면 만료일 이전에 구독 취소를 진행해 주세요.",SCHEDULE
"네이버플러스 멤버십 이용권 유효기간 안내. 이번 달 멤버십 유지 만료일: 2026/08/11. 다음 결제일에 4,900원이 결제됩니다.",SCHEDULE
"CGV 영화 관람권 1매 쿠폰번호 9988-7766 유효기간 2026.11.30까지 예매 및 사용 가능",SCHEDULE
"[티몬] 컬쳐랜드 문화상품권 5만원권 핀번호 발송 완료. 유효기간 2027년 05월 10일까지 등록 가능",SCHEDULE
"올리브영 기프트카드 3만원권 유효기간 만료일: 2026.09.30. 잔액은 매장 및 온라인몰에서 사용 가능",SCHEDULE
"GS25 편의점 모바일 상품권 10,000원권. 만료일: 2026년 08월 30일. 전국 GS25 편의점 사용 가능",SCHEDULE
"서울 마포구 와우산로 21길 34 맛집 이탈리안 레스토랑. 영업시간 11:30 ~ 22:00 브레이크 타임 없음. 파스타 전문점",PLACE
"네이버 지도 검색 결과: 연남동 분위기 좋은 카페. 서울특별시 마포구 동교로 252길 12. 대표메뉴: 아인슈페너, 스콘",PLACE
"망고플레이트 평점 4.5 제주도 서귀포시 맛집 흑돼지 전문 구이점. 주소: 제주특별자치도 서귀포시 색달중앙로 25. 주차장 완비",PLACE
"인스타그램 핫플레이스 성수동 카페 추천 주소: 서울 성동구 연무장길 15. 월요일 휴무, 애견 동반 가능",PLACE
"티맵 추천 경로 목적지: 강릉 안목해변 해맞이 공원. 주소: 강원도 강릉시 창해로 14번길. 오션뷰 카페거리 인근",PLACE
"구글 지도 평점 4.8 맛집 투어: 오사카 난바 도톤보리 라멘 전문점. 주소: 1 Chome-4-16 Dotonbori, Chuo Ward, Osaka",PLACE
"부산 해운대구 우동 123-45 맛집 횟집 추천. 광안대교 전망이 보이는 횟집으로 예약 필수. 전화번호 051-123-4567",PLACE
"경주 황리단길 한옥 베이커리 카페 위치: 경상북도 경주시 첨성로 99번길 10. 대표 메뉴: 십원빵, 크림라떼",PLACE
"강남역 11번 출구 맛집 소고기 무한리필 전문점. 서울 강남구 테헤란로 1길 20. 단체석 완비 및 회식 장소 추천",PLACE
"여수 삼학집 서대회무침 맛집 주소: 전라남도 여수시 이순신광장로 200번지. 대표메뉴: 서대회, 갈치구이",PLACE
"나이키 에어맥스 97 트리플 화이트 운동화. 가격: 199,000원. 판매처: 나이키 공식 온라인 스토어 및 전국 매장",WISHLIST
"쿠팡 로켓배송 상품: Apple 아이패드 에어 5세대 256GB Wi-Fi 모델 스페이스 그레이. 가격 920,000원. 할인율 5%",WISHLIST
"무신사 스탠다드 테이퍼드 슬랙스 블랙 L 사이즈. 장바구니 담기 완료. 현재 판매가: 29,900원. 회원 할인 적용가: 27,500원",WISHLIST
"오늘의집 인테리어 조명 스탠드 단 스탠드 램프 포함. 특가 판매 가격: 45,000원 무료 배송. 첫 구매 10% 쿠폰 적용 가능",WISHLIST
"네이버 쇼핑몰 스마트스토어: 원목 책상 컴퓨터 데스크 1200 사이즈. 가격: 89,000원. 배송비 15,000원 별도 청구",WISHLIST
"크림 KREAM 구매 대기 상품: 조던 1 레트로 하이 OG 시카고 2022. 즉시 구매가 450,000원. 사이즈 270",WISHLIST
"29CM 단독 할인 브랜드 코트 롱코트 울 블렌드. 가격: 238,000원. 10% 쿠폰 적용 시 최종가 214,200원",WISHLIST
"SSG 닷컴 쓱배송 상품: 유기농 우유 1L, 저지방 우유, 계란 30구, 바나나 1송이. 총 주문 금액: 18,900원",WISHLIST
"컬리 Kurly 장바구니 리스트: 생연어회 200g, 샐러드 팩, 드레싱 소스. 주문 금액: 24,500원. 아침 7시 샛별배송",WISHLIST
"G마켓 빅스마일데이 특가: 무선 청소기 V12 모델. 정가 890,000원 특가 690,000원. 쿠폰 적용 가능 여부 확인 필요",WISHLIST
"오늘 읽은 책 요약: 2장 15페이지 '생각하는 대로 살지 않으면 결국에는 사는 대로 생각하게 된다.' 주체적인 삶의 중요성",MEMO
"장보기 쇼핑 리스트: 1. 두부 2. 대파 3. 돼지고기 앞다리살 4. 계란 1판 5. 우유. 마트 가기 전 필독",MEMO
"컴퓨터 공학 강의 노트 정리: 데이터베이스 트랜잭션의 4대 특징 ACID - Atomicity(원자성), Consistency(일관성), Isolation(격리성), Durability(지속성)",MEMO
"팀 프로젝트 회의록 요약: 다음주 화요일까지 전체 피드백 취합 완료하기. 목요일 중간 보고서 작성 시작 및 업무 분담 확정",MEMO
"아이디어 노트: 스크린샷 정리 앱 개발 기획안. OCR로 텍스트 자동 추출하고 TFLite 온디바이스 모델로 카테고리 자동 분류하는 기능 제안",MEMO
"일기 2026-07-06: 오늘은 날씨가 맑았다. 오랜만에 친구들을 만나서 맛있는 음식을 먹고 카페에서 수다를 떨었다. 즐거운 하루였다.",MEMO
"업무 이메일 작성 초안: 안녕하세요 정채윤 팀장님, 요청하신 API 명세서 초안 작성을 완료하여 공유해 드립니다. 검토 부탁드립니다.",MEMO
"자격증 시험 준비 일정: 정보처리기사 필기 과목 정리. 1과목 소프트웨어 설계, 2과목 소프트웨어 개발. 기출문제 위주로 오답 정리 필수",MEMO
"전화번호 메모: 탁성우 교수님 연구실 연락처 051-510-1234, 이메일 주소 swtak@pusan.ac.kr. 면담 일정 예약 문의할 것",MEMO
"비밀번호 힌트 및 개인 메모: 사이트 계정 비밀번호 규칙 설정 - 대문자 포함, 특수문자 1개 이상 필수. 보안 주의할 것",MEMO
